{
  "name": "angular-cookies",
  "version": "1.6.1",
  "license": "MIT",
  "main": "./angular-cookies.js",
  "ignore": [],
  "dependencies": {
    "angular": "1.6.1"
  },
  "homepage": "https://github.com/angular/bower-angular-cookies",
  "_release": "1.6.1",
  "_resolution": {
    "type": "version",
    "tag": "v1.6.1",
    "commit": "7abd6b5182e5a477799bd731f5dcf74ec713e855"
  },
  "_source": "https://github.com/angular/bower-angular-cookies.git",
  "_target": "^1.6.1",
  "_originalSource": "angular-cookies",
  "_direct": true
}