{
  "name": "angular-click-outside",
  "version": "2.10.1",
  "main": "clickoutside.directive.js",
  "homepage": "https://github.com/IamAdamJowett/angular-click-outside",
  "authors": [
    "IamAdamJowett"
  ],
  "description": "An angular directive to detect a click outside of an elements scope, great for clicking outside of slide in and drop down menus amongst other things.",
  "keywords": [
    "angular",
    "click",
    "outside"
  ],
  "license": "MIT",
  "ignore": [],
  "repository": {
    "type": "git",
    "url": "git://github.com/IamAdamJowett/angular-click-outside"
  },
  "_release": "2.10.1",
  "_resolution": {
    "type": "version",
    "tag": "v2.10.1",
    "commit": "57cd76a34bc8ab6d5c9b86853f31aeb10ba284df"
  },
  "_source": "https://github.com/IamAdamJowett/angular-click-outside.git",
  "_target": "^2.10.1",
  "_originalSource": "angular-click-outside",
  "_direct": true
}