{
  "name": "angular-bootstrap-fileinput",
  "main": "angular-bootstrap-fileinput.js",
  "authors": [
    "Gerald Humphries <geraldhumphries@gmail.com>"
  ],
  "description": "A simple Angular directive wrapper for bootstrap-fileinput",
  "moduleType": [],
  "keywords": [
    "bootstrap",
    "angular",
    "angularjs",
    "file",
    "upload",
    "input"
  ],
  "dependencies": {
    "bootstrap-fileinput": "^4.0.0"
  },
  "license": "MIT",
  "homepage": "https://github.com/geraldhumphries/angular-bootstrap-fileinput",
  "ignore": [
    "**/.*",
    "node_modules",
    "bower_components",
    "test",
    "tests"
  ],
  "version": "0.1.0",
  "_release": "0.1.0",
  "_resolution": {
    "type": "version",
    "tag": "v0.1.0",
    "commit": "f0185caa24ea23072257358a365dc8f2a887acff"
  },
  "_source": "https://github.com/geraldhumphries/angular-bootstrap-fileinput.git",
  "_target": "^0.1.0",
  "_originalSource": "angular-bootstrap-fileinput",
  "_direct": true
}