{
  "name": "angular-thumbnails",
  "description": "Angular directive to render file thumbnails on a canvas.",
  "main": "./dist/angular-thumbnails.min.js",
  "license": "MIT",
  "homepage": "http://github.com/aztech-digital/angular-thumbnails",
  "dependencies": {
    "angular": "~1.3",
    "pdfjs-dist": "1.0.1019"
  },
  "ignore": [
    ".bower.json",
    ".gitignore",
    "package.json",
    "Gruntfile.js",
    "src/**",
    "demo/**"
  ],
  "version": "0.2.1",
  "_release": "0.2.1",
  "_resolution": {
    "type": "version",
    "tag": "0.2.1",
    "commit": "e07e1cee40973b28fe292986f19b14320245db40"
  },
  "_source": "https://github.com/aztech-digital/angular-thumbnails.git",
  "_target": "^0.2.1",
  "_originalSource": "angular-thumbnails",
  "_direct": true
}